customer_id;first_name;last_name;email;phone_nr;address;age;location_id;segment_id
1;Cornie;Dollman;cdollman0@marriott.com;602-828-6279;4 Service Place;32;544;2
2;Bobine;Abba;babba1@loc.gov;675-105-5236;7596 Bluejay Plaza;48;450;1
3;Joshia;Arnald;jarnald2@bigcartel.com;772-658-4266;2463 North Way;46;261;1
4;Aldo;Figgen;afiggen3@google.pl;706-116-2770;0420 Mockingbird Place;19;397;2
5;Trina;Harvard;tharvard4@uol.com.br;402-370-6894;82 Eliot Circle;81;397;1
6;Krysta;Pessel;kpessel5@google.es;634-243-8686;839 Toban Point;70;86;2
7;Lawton;Maynell;lmaynell6@gmpg.org;216-389-1699;6965 Oneill Road;77;454;1
8;Claus;O'Loughlin;coloughlin7@ftc.gov;689-754-8263;9 Cherokee Circle;39;588;1
9;Norah;Davern;ndavern8@wikimedia.org;160-696-9285;508 Bultman Alley;31;397;1
10;Dorelia;Cherm;dcherm9@devhub.com;910-695-9472;61 Express Plaza;75;317;1
11;Delinda;Barker;dbarkera@php.net;202-240-2644;9 Summer Ridge Street;51;322;1
12;Wiley;Coldbath;wcoldbathb@studiopress.com;707-357-8250;30954 Aberg Plaza;64;246;1
13;Dougy;Corwin;dcorwinc@bing.com;487-764-6322;77654 Northview Avenue;71;570;2
14;Gail;Cowthart;gcowthartd@wordpress.com;755-668-0958;35 Stang Way;40;57;3
15;Brien;Bemwell;bbemwelle@123-reg.co.uk;202-339-4025;939 Village Green Pass;64;397;3
16;Isador;Straun;istraunf@sciencedirect.com;318-300-0538;96 East Junction;24;571;1
17;Griz;McColl;gmccollg@weather.com;922-989-6876;008 Dryden Center;46;321;3
18;Cheslie;Preist;cpreisth@census.gov;310-644-3518;0 Swallow Street;77;612;1
19;Binny;Allsop;ballsopi@howstuffworks.com;247-212-3523;08 Carberry Point;34;528;1
20;Caprice;Lawrenz;clawrenzj@whitehouse.gov;913-403-7734;8 Portage Lane;25;322;3
21;Isadore;Marmyon;imarmyonk@typepad.com;619-976-8072;40 Heath Hill;71;365;3
22;Werner;Shurmer;wshurmerl@fema.gov;510-933-3321;7 Lunder Court;81;564;1
23;Lindon;Harridge;lharridgem@state.tx.us;183-387-8387;42 Magdeline Road;29;300;3
24;Renato;Pyke;rpyken@ning.com;368-881-5699;8515 Ohio Avenue;47;210;3
25;Andie;Gierok;agieroko@shutterfly.com;245-154-6643;272 Gale Park;81;356;3
26;Leela;Arondel;larondelp@digg.com;701-548-0713;8060 Everett Parkway;49;96;3
27;Chantal;Care;ccareq@virginia.edu;789-338-8830;56532 Lunder Center;39;191;1
28;Lemar;Tille;ltiller@flickr.com;483-841-5331;2985 Banding Street;62;528;1
29;Natal;MacSorley;nmacsorleys@phoca.cz;938-356-4107;96349 Kropf Street;49;322;2
30;Maddy;Hanalan;mhanalant@angelfire.com;947-741-0185;83 Continental Hill;52;365;3
31;Roseanne;Baughan;rbaughanu@parallels.com;693-293-6229;5 Corry Circle;34;397;2
32;Boony;Kroll;bkrollv@globo.com;979-718-9713;30 Reindahl Center;27;114;1
33;Orelle;Wilcocks;owilcocksw@walmart.com;274-815-0813;2 Grayhawk Park;73;450;2
34;Kellen;Spandley;kspandleyx@amazon.de;525-730-5449;2 Sutherland Street;66;450;1
35;Liam;Dingivan;ldingivany@mayoclinic.com;721-828-0281;014 Rockefeller Court;36;516;1
36;Fanny;Dobbson;fdobbsonz@plala.or.jp;791-778-1938;54252 Towne Point;38;397;3
37;Jermaine;Dearl;jdearl10@themeforest.net;254-888-9314;686 Ludington Circle;81;416;1
38;Clemmy;Trodler;ctrodler11@time.com;687-517-8719;553 Service Plaza;59;110;1
39;Vassily;McCorkindale;vmccorkindale12@miibeian.gov.cn;950-843-1270;4 Bunker Hill Plaza;27;91;2
40;Leupold;Pindar;lpindar13@meetup.com;386-419-6274;1 Eagle Crest Alley;66;588;3
41;Ilsa;Binley;ibinley14@ocn.ne.jp;433-733-4507;9429 Mosinee Place;85;397;2
42;Dionisio;Hourigan;dhourigan15@amazon.co.uk;465-650-3625;08 Waxwing Trail;55;438;2
43;Torre;Denyagin;tdenyagin16@wikia.com;777-942-6996;34591 6th Plaza;82;89;1
44;Robby;Reubbens;rreubbens17@epa.gov;425-682-0824;00 Old Shore Plaza;77;251;1
45;Alanson;ffrench Beytagh;affrenchbeytagh18@who.int;903-175-0796;60760 Pankratz Junction;22;246;3
46;Cull;Arndell;carndell19@cnbc.com;197-523-6437;6 Dapin Hill;83;397;2
47;Constantine;Norvell;cnorvell1a@alexa.com;172-410-8384;09139 Mcbride Pass;44;26;1
48;Jehu;Hopkynson;jhopkynson1b@hexun.com;172-483-7711;866 Brickson Park Point;76;397;2
49;Hendrick;Bexon;hbexon1c@a8.net;541-899-9595;0050 Nova Trail;48;544;3
50;Augy;McIlhatton;amcilhatton1d@ca.gov;891-777-2536;819 Monterey Place;61;397;2
51;Dorie;Bickford;dbickford1e@paypal.com;951-979-3468;6863 Corben Plaza;34;450;1
52;Filide;Chiverton;fchiverton1f@tinyurl.com;574-122-8197;19 Ilene Road;20;559;1
53;Charmaine;Swannack;cswannack1g@spotify.com;539-612-6779;8 Texas Street;49;516;1
54;Marget;Careswell;mcareswell1h@tripod.com;622-446-1483;427 Banding Junction;77;322;1
55;Carlyn;Lozano;clozano1i@nymag.com;520-741-4062;5 Parkside Street;48;597;1
56;Tatiana;Diggar;tdiggar1j@unc.edu;911-268-4390;3 Doe Crossing Point;23;6;2
57;Oliy;Lugton;olugton1k@intel.com;498-639-1921;7 Golf View Circle;58;450;3
58;Hyacinth;Dearnaley;hdearnaley1l@ucoz.ru;348-516-5043;426 Barby Way;49;104;1
59;Anastassia;Veness;aveness1m@businessinsider.com;187-654-2303;142 Harbort Lane;76;328;3
60;Krisha;Martinuzzi;kmartinuzzi1n@redcross.org;934-459-1953;2 Kennedy Way;60;588;1
61;Staford;MacCoveney;smaccoveney1o@devhub.com;407-675-9811;494 Knutson Circle;36;434;3
62;Eimile;Lowey;elowey1p@sbwire.com;337-882-6612;764 Moose Pass;28;29;1
63;Lina;Wickens;lwickens1q@disqus.com;730-107-9788;71075 Norway Maple Junction;40;621;1
64;Dodi;Halvorsen;dhalvorsen1r@chicagotribune.com;761-575-1427;1 Arapahoe Way;22;493;2
65;Winnah;Brodway;wbrodway1s@npr.org;861-129-8744;1 Bartelt Terrace;54;85;1
66;Dianne;Dufton;ddufton1t@hibu.com;479-622-3518;21 Fulton Court;49;255;1
67;Francesco;Scarffe;fscarffe1u@zimbio.com;550-793-9448;70 Bultman Road;74;438;2
68;Kalila;Feighry;kfeighry1v@archive.org;632-749-3457;037 Namekagon Crossing;31;215;1
69;Sandy;Branche;sbranche1w@rambler.ru;901-723-5814;7 Westridge Hill;53;373;2
70;Wilburt;Bizzey;wbizzey1x@ebay.co.uk;444-614-4715;8 Union Drive;27;127;2
71;Kinny;Kochl;kkochl1y@rediff.com;722-400-1844;3567 Independence Road;22;474;1
72;Matthaeus;Limpkin;mlimpkin1z@rambler.ru;470-879-6600;830 Prairieview Street;79;34;3
73;Sonni;Myhan;smyhan20@ted.com;745-788-1387;10 Kings Trail;83;446;2
74;Michale;Chetwin;mchetwin21@histats.com;966-390-1855;8496 Moose Way;57;364;2
75;Emilie;Zielinski;ezielinski22@admin.ch;538-902-2096;803 Sauthoff Lane;46;446;1
76;Brook;Laughrey;blaughrey23@amazonaws.com;412-921-4988;72 Namekagon Drive;34;522;1
77;Valaree;Girling;vgirling24@fda.gov;891-475-5441;61261 Redwing Parkway;74;110;1
78;Caroljean;MacKereth;cmackereth25@uol.com.br;740-842-3073;18642 Continental Park;41;322;3
79;Stepha;Kield;skield26@wordpress.org;211-317-6778;82 Twin Pines Park;71;21;2
80;Berk;Brende;bbrende27@last.fm;478-860-6082;58506 Scott Court;67;55;1
81;Cortney;Kilford;ckilford28@indiegogo.com;725-706-2546;2491 Vera Plaza;33;4;1
82;Harriot;Austin;haustin29@netvibes.com;508-340-0943;44782 Gerald Alley;71;557;3
83;Urbanus;Shreenan;ushreenan2a@ifeng.com;320-415-7228;2 Dexter Terrace;67;145;1
84;Bernice;Prys;bprys2b@clickbank.net;934-169-2138;65118 Arrowood Junction;63;397;1
85;Paulie;Loughton;ploughton2c@smugmug.com;416-433-9390;467 Express Drive;71;588;3
86;Blanca;Yuryatin;byuryatin2d@surveymonkey.com;181-161-5999;4998 Killdeer Circle;26;174;3
87;Griff;Lindermann;glindermann2e@berkeley.edu;734-176-4107;268 Lunder Circle;73;124;1
88;Matthiew;Giabucci;mgiabucci2f@ucoz.ru;822-427-8247;209 Schlimgen Terrace;37;528;2
89;Isacco;Fain;ifain2g@ustream.tv;586-937-3325;0 Homewood Junction;81;258;3
90;Eldredge;Armitage;earmitage2h@nps.gov;109-666-2700;26603 Caliangt Hill;57;322;2
91;Whit;MacDermott;wmacdermott2i@oracle.com;913-448-9785;21 Ridge Oak Way;60;397;2
92;Susannah;Kloska;skloska2j@ucsd.edu;306-262-0663;9 Vermont Court;58;551;3
93;Giusto;Reiling;greiling2k@hao123.com;933-438-2241;543 Village Green Plaza;73;148;2
94;Caresse;Huxter;chuxter2l@nyu.edu;632-189-9530;60674 West Road;60;292;3
95;Lorita;Manwaring;lmanwaring2m@xrea.com;552-317-8712;56 Springs Plaza;66;488;2
96;Edin;Fogg;efogg2n@arstechnica.com;514-297-8216;10512 Magdeline Pass;18;314;2
97;Alexandre;Yurygyn;ayurygyn2o@surveymonkey.com;778-940-7778;97111 Magdeline Road;34;420;3
98;Malissia;Corpe;mcorpe2p@histats.com;316-813-6252;13 Raven Circle;34;79;3
99;Grantley;O'Sesnane;gosesnane2q@naver.com;736-591-6200;480 Forest Alley;42;101;3
100;Gilberto;Tack;gtack2r@boston.com;175-760-3757;21270 Meadow Valley Lane;77;215;1
101;Robert;Souness;rsouness2s@theglobeandmail.com;484-599-0029;1699 Declaration Street;19;322;2
102;Roberto;Vowdon;rvowdon2t@g.co;558-699-0328;26280 Myrtle Parkway;82;322;1
103;Lexis;Bustard;lbustard2u@mac.com;284-837-4163;3 Gateway Junction;69;246;1
104;Danie;Dabnor;ddabnor2v@taobao.com;363-729-8076;32439 Scofield Way;29;197;2
105;Hermie;Harniman;hharniman2w@xinhuanet.com;254-222-3586;94 5th Place;84;397;3
106;Tabby;Soar;tsoar2x@japanpost.jp;494-256-5594;01 Browning Alley;56;204;1
107;Dasi;Gylle;dgylle2y@usda.gov;802-274-4959;8460 Warbler Lane;26;300;1
108;Tyler;Garriock;tgarriock2z@moonfruit.com;338-166-8441;7 Farmco Pass;50;528;1
109;Evaleen;Chettle;echettle30@nba.com;160-373-1305;531 Crest Line Circle;31;53;2
110;Paten;Walter;pwalter31@tumblr.com;200-141-2384;94564 Milwaukee Way;47;397;2
111;Anjela;Commings;acommings32@webmd.com;972-892-1779;459 Quincy Hill;83;450;1
112;Seka;Dearl;sdearl33@virginia.edu;848-482-4251;13246 Golf Court;54;401;3
113;Nils;Beringer;nberinger34@zdnet.com;750-307-1377;142 Jenna Park;64;96;2
114;Eduino;Rupert;erupert35@baidu.com;812-413-4346;06223 Veith Pass;76;322;3
115;Bradan;Knapper;bknapper36@vk.com;850-916-6645;07836 Lotheville Parkway;47;488;2
116;Orren;Donnison;odonnison37@desdev.cn;698-669-2105;0 Novick Avenue;65;450;3
117;Lyndell;Lavarack;llavarack38@feedburner.com;889-276-0135;66 Blue Bill Park Center;46;144;1
118;Gunilla;Sitch;gsitch39@wix.com;857-201-5083;88 Northport Way;56;246;3
119;Jo;Jonuzi;jjonuzi3a@dailymail.co.uk;796-437-7340;2 Village Green Lane;65;110;1
120;Cheslie;Flye;cflye3b@ihg.com;109-889-4817;7639 Schiller Plaza;33;397;1
121;Blaine;Goalby;bgoalby3c@tamu.edu;769-472-1016;6 Namekagon Park;41;438;2
122;Tasha;Handmore;thandmore3d@dell.com;115-895-0168;0 Blue Bill Park Center;29;544;1
123;Herc;Edgell;hedgell3e@google.nl;545-369-5154;57 Red Cloud Street;42;261;1
124;Aviva;Hucklesby;ahucklesby3f@biblegateway.com;867-225-7005;501 Pepper Wood Park;24;450;1
125;Wye;Stefanovic;wstefanovic3g@wikimedia.org;306-585-6158;457 Lerdahl Alley;18;175;1
126;Bartram;Mixhel;bmixhel3h@elpais.com;511-793-5389;897 Monica Avenue;65;251;1
127;Demetris;Ghost;dghost3i@census.gov;657-616-7903;94590 Hauk Court;35;285;3
128;Brinn;Linden;blinden3j@a8.net;727-136-7417;45 3rd Avenue;35;182;3
129;Tomlin;Ferrieroi;tferrieroi3k@mtv.com;727-201-2224;54 Carey Point;24;91;3
130;Adrianne;Lumly;alumly3l@utexas.edu;573-454-6217;61434 Sutherland Avenue;69;244;1
131;Malcolm;Varnham;mvarnham3m@google.ca;890-128-5933;5335 Redwing Road;37;592;3
132;Arman;Dunniom;adunniom3n@buzzfeed.com;505-631-1004;117 Judy Place;65;493;1
133;Randene;Pinson;rpinson3o@dropbox.com;192-680-2664;5 Northland Hill;37;250;3
134;Merrill;Longshaw;mlongshaw3p@ted.com;648-485-9677;4 Old Shore Trail;18;225;1
135;Fredi;Reisenstein;freisenstein3q@chronoengine.com;425-399-6423;8950 Center Pass;49;450;1
136;Larissa;Soldi;lsoldi3r@fastcompany.com;172-422-3242;85 Golf Course Road;21;246;3
137;Zack;Sans;zsans3s@npr.org;227-811-9666;00 Clyde Gallagher Lane;48;474;1
138;Pernell;Timbrell;ptimbrell3t@wikispaces.com;530-973-7971;36 Dawn Place;44;412;3
139;Sheba;Alabastar;salabastar3u@csmonitor.com;281-648-3940;472 Oneill Terrace;76;110;1
140;Ozzie;Ellerby;oellerby3v@scribd.com;828-381-8861;0 Tomscot Road;19;397;3
141;Cindee;Millott;cmillott3w@taobao.com;354-628-6319;57 Summit Way;77;322;2
142;Victoria;Elfe;velfe3x@cpanel.net;611-660-9533;8126 Oxford Center;69;322;1
143;Lance;Wallenger;lwallenger3y@pinterest.com;359-248-5995;85 Grayhawk Plaza;84;63;1
144;Zaccaria;Stoker;zstoker3z@dell.com;112-161-0856;72932 Rigney Junction;29;106;1
145;Rupert;Edmondson;redmondson40@ucoz.ru;484-708-8704;09042 Fisk Court;29;450;3
146;Stanly;Gravenor;sgravenor41@mashable.com;561-445-0437;7 Westend Center;50;450;1
147;Angelika;Menloe;amenloe42@tuttocitta.it;988-883-3118;803 Lillian Road;47;278;2
148;Staffard;Brandin;sbrandin43@vk.com;692-152-7310;8 Rockefeller Road;78;78;1
149;Jacki;Kilbride;jkilbride44@zdnet.com;987-217-7466;8 Bartillon Lane;31;52;1
150;Elna;Marchand;emarchand45@joomla.org;359-825-6905;82170 Badeau Court;33;91;1
151;Laina;Pevie;lpevie46@fema.gov;851-630-0504;5181 Express Circle;51;544;3
152;Jethro;Balam;jbalam47@umich.edu;382-508-9537;14 Atwood Park;60;197;1
153;Marian;Giacobazzi;mgiacobazzi48@ucla.edu;761-755-8693;65760 Holy Cross Avenue;19;96;2
154;Bella;Mingauld;bmingauld49@springer.com;727-260-2496;84 Bonner Alley;25;425;1
155;Javier;Kehoe;jkehoe4a@nhs.uk;255-575-1143;92112 Fulton Parkway;67;397;2
156;Karly;Goodbur;kgoodbur4b@walmart.com;785-813-1630;2 Bartelt Road;85;505;2
157;Fifi;Husbands;fhusbands4c@usda.gov;133-824-4930;7684 Columbus Plaza;64;182;2
158;Dud;Lapides;dlapides4d@answers.com;348-549-9437;1837 Riverside Terrace;77;24;3
159;Elka;Grimsell;egrimsell4e@upenn.edu;678-380-5821;51 Lukken Crossing;32;91;2
160;Saxon;Blenkinsop;sblenkinsop4f@yahoo.com;983-142-1003;128 Straubel Parkway;85;110;2
161;Buiron;Pettiford;bpettiford4g@symantec.com;454-301-8542;68 Gerald Way;38;110;1
162;Rolfe;Greson;rgreson4h@virginia.edu;687-741-2790;66 Prentice Hill;50;528;3
163;Gina;Tanfield;gtanfield4i@loc.gov;945-477-4120;107 Schiller Avenue;37;110;3
164;Igor;Josef;ijosef4j@t.co;699-836-2810;569 Farwell Parkway;65;397;3
165;Kin;Zimmerman;kzimmerman4k@huffingtonpost.com;143-194-0847;1452 Ronald Regan Circle;67;117;3
166;Kylie;Blanch;kblanch4l@umich.edu;552-551-0025;89434 Lotheville Place;28;578;1
167;Katey;Gudgin;kgudgin4m@alibaba.com;779-197-9569;277 Dixon Drive;84;232;1
168;Lennard;Flawith;lflawith4n@marketwatch.com;216-795-3202;36 Maple Terrace;20;84;3
169;Kathi;Natte;knatte4o@pinterest.com;159-281-8706;1708 Holmberg Trail;52;528;1
170;Brandon;Hadlington;bhadlington4p@bravesites.com;657-205-0890;22701 Stang Drive;21;593;2
171;Giuseppe;Kilbee;gkilbee4q@mapy.cz;923-591-5371;140 New Castle Way;73;168;3
172;Phillie;Sedcole;psedcole4r@sphinn.com;118-103-1093;4 Holy Cross Plaza;49;220;1
173;Claresta;Emilien;cemilien4s@wiley.com;651-977-4267;95 Ridgeway Place;31;450;3
174;Ceciley;Romme;cromme4t@cbc.ca;745-755-8730;37878 Corry Plaza;56;289;1
175;Vickie;Corneck;vcorneck4u@vk.com;823-134-3070;8553 Butterfield Parkway;80;450;1
176;Gustaf;Robus;grobus4v@oracle.com;190-111-7437;69490 Tennyson Point;80;322;2
177;Dolph;Flute;dflute4w@smh.com.au;804-544-9336;0406 Ryan Road;70;397;1
178;Farly;Fairrie;ffairrie4x@noaa.gov;586-274-8410;34 Loeprich Terrace;27;216;1
179;Tasia;Haggata;thaggata4y@bloomberg.com;384-483-9658;36 Forest Parkway;41;559;1
180;Aloin;Halliberton;ahalliberton4z@imdb.com;646-915-1264;280 Declaration Junction;77;251;3
181;Koressa;Magenny;kmagenny50@time.com;898-504-5342;8 Knutson Parkway;85;110;2
182;Rosita;McAulay;rmcaulay51@princeton.edu;502-504-6064;57 Hoepker Trail;81;415;3
183;Bertha;Maltster;bmaltster52@omniture.com;275-565-5636;82 Sachtjen Plaza;75;311;3
184;Killie;Gregh;kgregh53@webeden.co.uk;877-270-6466;0065 Glacier Hill Street;43;571;3
185;Corbie;Prestney;cprestney54@netscape.com;306-827-2803;75 Anniversary Junction;43;525;3
186;Fernando;Itscovitz;fitscovitz55@umich.edu;374-121-8716;97 Continental Street;36;397;3
187;Vikki;Goad;vgoad56@usgs.gov;775-843-4547;99 Macpherson Center;78;397;2
188;Muffin;Gunton;mgunton57@psu.edu;588-917-0538;94 Hollow Ridge Terrace;71;519;2
189;Jonie;Orringe;jorringe58@theglobeandmail.com;937-845-4944;5 Bonner Place;33;184;1
190;Charlton;Seywood;cseywood59@list-manage.com;934-952-2158;76008 Mesta Circle;65;96;1
191;Ky;Tasseler;ktasseler5a@independent.co.uk;923-132-4930;6 Schiller Center;51;91;1
192;Irwinn;Karslake;ikarslake5b@about.me;731-841-0966;7 Sauthoff Hill;64;270;3
193;Ian;Harriday;iharriday5c@example.com;409-184-4346;2244 Mendota Road;52;571;1
194;Federico;Lechmere;flechmere5d@patch.com;329-214-4506;6 Hovde Park;74;416;2
195;Lorelei;MacNish;lmacnish5e@netlog.com;690-700-9769;7799 Tennessee Junction;58;191;2
196;Gypsy;Teather;gteather5f@networksolutions.com;231-949-2250;4 Mariners Cove Point;70;310;1
197;Putnam;Bozier;pbozier5g@acquirethisname.com;969-458-4362;13221 Barby Drive;22;322;2
198;Nerita;Lydon;nlydon5h@webs.com;842-851-0954;93717 Pond Parkway;65;232;1
199;Gerard;Donegan;gdonegan5i@last.fm;567-423-9722;6339 Oak Avenue;31;392;1
200;Oralle;Vanyushin;ovanyushin5j@lulu.com;736-812-2826;261 Roth Court;84;170;1
201;Lydon;Johananov;ljohananov5k@shutterfly.com;475-366-6087;62 Canary Center;54;544;2
202;Yvette;Storrier;ystorrier5l@berkeley.edu;302-799-1918;45 Anniversary Hill;20;322;1
203;Roma;Este;reste5m@gov.uk;744-125-2463;50476 Erie Hill;43;544;1
204;Eduard;Elcoux;eelcoux5n@blogspot.com;742-592-1218;61827 School Park;29;488;3
205;Ania;Denecamp;adenecamp5o@indiegogo.com;159-113-8413;984 Blaine Trail;47;544;1
206;Doy;Dorin;ddorin5p@163.com;968-311-3866;58 Bobwhite Point;47;519;3
207;Carlotta;Wylam;cwylam5q@hp.com;861-542-5443;68 Acker Place;35;540;3
208;Natale;Cowgill;ncowgill5r@sitemeter.com;709-348-8104;3203 Corben Road;18;596;3
209;Daveen;Dalglish;ddalglish5s@hc360.com;321-518-0118;839 Hayes Hill;54;139;2
210;Cacilia;Sinclair;csinclair5t@icio.us;734-589-2678;1 Anniversary Junction;85;397;2
211;Pammy;Bleiman;pbleiman5u@istockphoto.com;406-564-6069;74815 Riverside Avenue;50;148;2
212;Eleni;Micah;emicah5v@nasa.gov;873-889-5190;8089 Dennis Place;31;246;1
213;Verne;Silversmidt;vsilversmidt5w@goodreads.com;658-707-4540;4690 Meadow Vale Crossing;76;246;2
214;Hyman;Boultwood;hboultwood5x@yahoo.co.jp;352-590-5024;0023 Basil Lane;85;450;1
215;Mildrid;Oran;moran5y@google.co.uk;629-275-3041;3898 Novick Point;48;385;1
216;Sherye;Marchi;smarchi5z@google.fr;424-970-5569;5462 Susan Hill;48;559;3
217;Jewell;Bairnsfather;jbairnsfather60@wunderground.com;762-168-2978;253 Declaration Park;26;525;1
218;Bo;McUre;bmcure61@noaa.gov;224-170-4808;40 Scott Plaza;44;125;1
219;Adda;Attack;aattack62@cmu.edu;328-906-0023;400 Reindahl Place;19;450;2
220;Victoir;Andrez;vandrez63@independent.co.uk;321-631-8648;09 Paget Terrace;44;397;1
221;Northrop;Sertin;nsertin64@businessweek.com;321-775-6218;56150 Longview Way;38;297;3
222;Heida;Davio;hdavio65@umich.edu;149-373-7499;22 Canary Plaza;77;505;3
223;Pedro;Calverley;pcalverley66@si.edu;663-367-7037;4843 Lighthouse Bay Trail;48;397;1
224;Caspar;Marle;cmarle67@php.net;446-506-8490;8 Gateway Hill;33;343;1
225;Jerrilee;Channing;jchanning68@loc.gov;649-799-2980;84 Mcbride Point;23;446;1
226;Adah;Danilchik;adanilchik69@cam.ac.uk;851-803-9405;06 American Ash Avenue;78;278;3
227;Damaris;Singyard;dsingyard6a@narod.ru;997-749-6280;83 Orin Street;64;602;1
228;Shermie;Nelthropp;snelthropp6b@goo.ne.jp;600-333-3206;6404 Hintze Alley;73;444;3
229;Marigold;Van der Veldt;mvanderveldt6c@washington.edu;491-222-7135;50 Susan Trail;28;246;2
230;Alvin;Doughty;adoughty6d@360.cn;558-718-6548;76 Eggendart Avenue;36;144;3
231;Georgine;Dykas;gdykas6e@businessinsider.com;394-430-8846;1 Sommers Way;81;288;2
232;Chelsie;Brisard;cbrisard6f@spiegel.de;889-963-7170;8852 Ridge Oak Way;53;528;3
233;Lothario;Rowswell;lrowswell6g@printfriendly.com;609-299-5467;22834 Birchwood Street;22;384;3
234;Ingrim;Samwyse;isamwyse6h@github.io;595-561-0279;9231 Elmside Place;83;246;3
235;Corabelle;Hymer;chymer6i@salon.com;443-969-9038;1 Dunning Lane;82;544;1
236;Roz;Pitford;rpitford6j@hc360.com;535-135-4174;75188 Dorton Alley;46;261;3
237;Andrus;Bortoloni;abortoloni6k@youku.com;424-954-9880;85 Morning Avenue;35;246;3
238;Janaye;Brickner;jbrickner6l@miibeian.gov.cn;561-831-3309;033 Talisman Drive;40;110;1
239;Cello;Triplet;ctriplet6m@samsung.com;745-600-2148;8 Lillian Hill;68;438;3
240;Udall;Popelay;upopelay6n@youtube.com;596-318-9736;6516 Oriole Junction;82;322;1
241;Ameline;Tolerton;atolerton6o@shop-pro.jp;115-700-2794;288 Upham Park;72;397;1
242;Adey;Nickoles;anickoles6p@wikipedia.org;308-677-0717;83 Morrow Crossing;23;322;3
243;Yoshi;Mountain;ymountain6q@friendfeed.com;708-192-7996;750 Novick Place;46;416;1
244;Marney;Iannazzi;miannazzi6r@t.co;787-513-2184;321 Monterey Drive;84;472;3
245;Edy;Beauvais;ebeauvais6s@facebook.com;734-134-4789;687 Grim Junction;72;528;1
246;Walsh;Fairholme;wfairholme6t@businessweek.com;429-248-8902;11258 Duke Terrace;36;3;3
247;Sammie;Husk;shusk6u@tiny.cc;408-187-2378;49848 Sullivan Place;44;525;2
248;Olag;Mucci;omucci6v@dell.com;749-402-5148;763 Mesta Terrace;32;106;1
249;Celka;Hibbart;chibbart6w@xing.com;619-214-0232;98060 Southridge Place;38;544;3
250;Reggy;Kennion;rkennion6x@usgs.gov;619-320-3517;1102 Jenifer Parkway;84;607;2
251;Olivero;Lilleyman;olilleyman6y@pagesperso-orange.fr;973-922-5216;3331 Rockefeller Road;57;397;1
252;Sigismundo;Lecky;slecky6z@economist.com;412-526-9790;500 Raven Parkway;40;538;2
253;Corey;Pastor;cpastor70@nba.com;634-250-2717;07756 Stuart Crossing;48;322;3
254;Curran;Macewan;cmacewan71@google.cn;510-102-5306;708 Monica Street;51;550;3
255;Raymund;Laimable;rlaimable72@dion.ne.jp;142-299-7449;18738 Arkansas Alley;45;544;3
256;Kendell;De Maria;kdemaria73@jiathis.com;374-514-3250;719 Clarendon Terrace;83;514;2
257;Luther;Pegler;lpegler74@answers.com;181-453-2012;21839 Crest Line Avenue;25;425;1
258;Marlowe;Christene;mchristene75@pbs.org;757-714-4129;0 Monument Hill;35;525;2
259;Felita;Jacobowitz;fjacobowitz76@twitpic.com;999-996-5967;9 Forest Dale Way;28;416;1
260;Adele;Clist;aclist77@newyorker.com;150-583-4999;35 Karstens Street;82;91;1
261;Viki;Gyer;vgyer78@blinklist.com;563-737-9578;61 Butterfield Place;30;528;1
262;Annora;Laherty;alaherty79@go.com;927-622-0931;26023 Utah Drive;52;322;3
263;Freddi;Allonby;fallonby7a@sourceforge.net;853-770-0289;729 Oak Crossing;44;450;1
264;Elwin;Paprotny;epaprotny7b@yellowpages.com;768-198-2132;72 Loomis Parkway;37;177;3
265;Vilhelmina;Dredge;vdredge7c@t.co;669-645-6352;36283 Pierstorff Road;66;505;2
266;Dario;Borres;dborres7d@bandcamp.com;227-474-9674;6 Westerfield Plaza;50;144;2
267;Hercules;Spadeck;hspadeck7e@uiuc.edu;971-868-6976;4423 Spenser Street;26;528;2
268;Aggie;Bibbie;abibbie7f@about.com;695-951-6349;9 Jenifer Center;57;85;1
269;Ianthe;Latter;ilatter7g@fda.gov;846-423-0203;43 Mallory Plaza;64;397;2
270;Noah;Kiffin;nkiffin7h@si.edu;823-539-9429;766 Kenwood Crossing;27;397;3
271;Olive;Peirpoint;opeirpoint7i@creativecommons.org;293-249-7537;5 Nancy Point;27;351;3
272;Evered;Denisyuk;edenisyuk7j@multiply.com;951-208-0349;72004 Village Drive;32;322;3
273;Sutherlan;Baudassi;sbaudassi7k@webnode.com;619-839-4169;5752 Towne Circle;58;450;2
274;Vergil;Kilgallen;vkilgallen7l@rediff.com;506-347-4849;38 Starling Terrace;19;29;2
275;Luce;Dotson;ldotson7m@addthis.com;775-108-6205;57 Orin Lane;22;206;1
276;Leora;Lauks;llauks7n@virginia.edu;522-243-4016;799 Towne Trail;78;221;3
277;Parnell;Soot;psoot7o@canalblog.com;873-811-7250;186 Katie Avenue;80;621;2
278;Carrie;Busse;cbusse7p@pbs.org;258-861-8890;7604 Sachs Alley;18;139;2
279;Alfy;Archell;aarchell7q@time.com;498-710-7200;6 Gulseth Hill;36;599;2
280;Hayes;Barnfield;hbarnfield7r@statcounter.com;186-971-3793;204 Tomscot Circle;32;154;3
281;Aleta;Bariball;abariball7s@state.tx.us;760-397-7991;97 Carey Avenue;76;317;2
282;Reagen;Mogridge;rmogridge7t@feedburner.com;995-218-4430;8897 Prentice Center;44;289;2
283;Stearne;Hayes;shayes7u@cnet.com;616-369-9586;99 Twin Pines Pass;78;528;1
284;Lincoln;Halcro;lhalcro7v@buzzfeed.com;187-885-1960;1920 School Way;44;278;1
285;Janeczka;Whitcher;jwhitcher7w@si.edu;466-410-9915;2 Holmberg Junction;85;322;2
286;Huey;Sains;hsains7x@google.co.uk;898-597-6115;52689 Tennyson Court;19;397;1
287;Beau;Gisbourn;bgisbourn7y@youku.com;270-184-6736;463 Eagle Crest Way;49;322;2
288;Wayland;Varley;wvarley7z@mayoclinic.com;864-513-4370;994 Dawn Court;22;357;2
289;Consuelo;Melville;cmelville80@meetup.com;608-731-2736;8 Twin Pines Circle;28;544;3
290;Neron;Breitler;nbreitler81@reference.com;882-166-6389;00 Gina Junction;84;450;1
291;Carolus;Wieprecht;cwieprecht82@cbslocal.com;925-308-7480;9 Schurz Plaza;61;29;1
292;Ainslee;McGeagh;amcgeagh83@sbwire.com;909-285-8896;01 Springview Hill;42;251;3
293;Rabi;Klulisek;rklulisek84@hexun.com;579-267-0485;73 Loftsgordon Crossing;56;206;1
294;Chaim;de Quesne;cdequesne85@army.mil;266-867-6331;3084 Rusk Lane;73;588;1
295;Alix;Arlt;aarlt86@lycos.com;122-526-0270;26 Melvin Pass;37;528;2
296;Layla;Swindall;lswindall87@purevolume.com;736-309-6343;1045 Fair Oaks Center;81;246;1
297;Aline;Sydenham;asydenham88@printfriendly.com;557-763-3490;69 Talisman Alley;72;493;1
298;Loni;Osborne;losborne89@engadget.com;289-634-8370;57450 Schlimgen Avenue;54;487;1
299;Charlean;Brookes;cbrookes8a@reference.com;311-678-2866;07 Thierer Lane;58;469;3
300;Millicent;Baish;mbaish8b@ucoz.ru;104-580-0777;7 Mayfield Terrace;74;528;3
301;Revkah;Domengue;rdomengue8c@spotify.com;803-340-3240;30 Grayhawk Alley;71;26;3
302;Rowena;Kimble;rkimble8d@cnet.com;699-314-3590;2931 Northfield Park;26;300;1
303;Fayina;Lethardy;flethardy8e@wix.com;496-385-8845;8927 Riverside Way;57;528;3
304;Jeddy;Toffolini;jtoffolini8f@mashable.com;396-495-5588;91819 Chive Lane;21;450;3
305;Fredek;Ragles;fragles8g@noaa.gov;576-771-0714;53351 Veith Hill;19;450;3
306;Sharon;Kehri;skehri8h@tinypic.com;347-317-5208;70 Kinsman Drive;30;544;1
307;Alica;Dallan;adallan8i@unicef.org;533-443-3213;54277 Canary Alley;80;235;1
308;Rasla;Palin;rpalin8j@lycos.com;980-303-7866;3 Manufacturers Plaza;56;69;1
309;Gray;Guinnane;gguinnane8k@mashable.com;290-535-0432;8 2nd Alley;46;59;2
310;Gaspar;Aleksashin;galeksashin8l@github.com;252-634-7974;9708 Dorton Alley;76;506;2
311;Deonne;Benoit;dbenoit8m@twitpic.com;481-512-1369;58513 Crowley Lane;46;544;3
312;Julie;Shatliffe;jshatliffe8n@t-online.de;488-165-6090;2 Northview Drive;20;322;1
313;Miner;Fippe;mfippe8o@rambler.ru;662-947-8210;2621 Carpenter Parkway;36;246;2
314;Rayshell;Bernet;rbernet8p@slate.com;265-614-0407;5680 Stoughton Place;39;321;1
315;Emelia;Basterfield;ebasterfield8q@dailymotion.com;939-972-7018;29 Columbus Hill;30;292;2
316;Annmaria;Demicoli;ademicoli8r@godaddy.com;506-436-4765;853 Hauk Lane;77;227;1
317;Farrah;Presslee;fpresslee8s@amazon.co.uk;221-421-2835;79 Carpenter Park;64;322;3
318;Huberto;Burchess;hburchess8t@ibm.com;390-193-0770;3 Rigney Plaza;45;450;1
319;Fabio;Keyse;fkeyse8u@bravesites.com;570-554-9882;206 Jackson Hill;24;91;1
320;Redd;Moyse;rmoyse8v@bing.com;958-563-7328;1787 Green Ridge Road;76;189;1
321;Lira;Baylis;lbaylis8w@squarespace.com;474-520-2033;63656 Pearson Point;78;544;2
322;Aggi;Dyott;adyott8x@ebay.com;939-547-0112;5 Lien Crossing;52;284;1
323;Shurlocke;Searson;ssearson8y@ucoz.com;430-249-0320;8582 Meadow Vale Alley;75;450;3
324;Kyrstin;Gawn;kgawn8z@yahoo.com;551-556-4438;55 Mendota Junction;33;261;1
325;Tailor;Scaice;tscaice90@bandcamp.com;522-377-9682;8504 Buhler Hill;54;191;2
326;Lorne;Kermode;lkermode91@rakuten.co.jp;873-617-1028;265 Village Green Center;34;397;1
327;Garrott;Lerego;glerego92@dmoz.org;514-276-2841;882 Carberry Crossing;64;438;2
328;Garv;Conybear;gconybear93@myspace.com;238-238-0345;4515 Carioca Parkway;60;525;3
329;Nadean;Puncher;npuncher94@odnoklassniki.ru;176-323-5598;8 Loeprich Point;83;110;2
330;Winny;Peverell;wpeverell95@scribd.com;143-479-0826;45 Kedzie Pass;85;322;2
331;Celestia;Vallery;cvallery96@nps.gov;937-277-1629;44571 Annamark Hill;25;397;1
332;Steven;Sinnocke;ssinnocke97@infoseek.co.jp;332-931-0382;7 Donald Crossing;53;254;2
333;Florry;Artharg;fartharg98@desdev.cn;253-751-0228;0 Prairieview Trail;85;528;2
334;Karl;Kennermann;kkennermann99@auda.org.au;601-163-7348;40854 Monument Point;35;9;1
335;Faunie;Esche;fesche9a@g.co;879-532-5991;4 Dottie Alley;24;246;3
336;Loralyn;Selcraig;lselcraig9b@google.ca;391-598-9622;71 Lighthouse Bay Hill;42;502;3
337;Fran;Heninghem;fheninghem9c@blinklist.com;534-879-6523;39 Mayfield Junction;49;544;2
338;Marigold;Adan;madan9d@gmpg.org;612-637-3862;110 Lakewood Place;82;525;3
339;Farlie;Duiguid;fduiguid9e@theguardian.com;705-255-8857;8 Muir Road;28;528;1
340;Karlotta;Deeney;kdeeney9f@homestead.com;686-511-8391;7337 School Point;70;145;1
341;Rene;Attle;rattle9g@wired.com;632-126-3864;312 Ludington Lane;36;246;3
342;Yehudi;Antonowicz;yantonowicz9h@tumblr.com;971-270-9777;94356 Susan Point;35;450;2
343;Pooh;Juzek;pjuzek9i@nps.gov;329-806-4253;4 Delladonna Park;47;322;2
344;Lillis;Dacca;ldacca9j@google.es;931-366-7709;60 Kipling Crossing;48;106;1
345;Skyler;Rooper;srooper9k@themeforest.net;764-872-5231;624 Trailsway Crossing;66;322;2
346;Guinna;McMackin;gmcmackin9l@twitter.com;142-641-8372;64443 Victoria Circle;61;528;1
347;Harman;Cromar;hcromar9m@drupal.org;865-683-6553;504 School Court;42;597;3
348;Brittne;Ends;bends9n@state.gov;640-596-1665;678 Heath Lane;37;91;3
349;Hyacinthe;Spriddle;hspriddle9o@hexun.com;783-850-5491;723 Old Shore Way;81;85;2
350;Enriqueta;McCotter;emccotter9p@netscape.com;441-254-9569;820 Northfield Crossing;39;397;3
351;Riccardo;Bramich;rbramich9q@zdnet.com;982-785-9076;5366 Esch Trail;62;322;3
352;Brnaba;Cullin;bcullin9r@t.co;727-516-4011;172 Loeprich Junction;51;544;3
353;Matthus;Schooley;mschooley9s@g.co;397-533-9327;2 Corben Hill;70;469;2
354;Marie;Roache;mroache9t@yelp.com;819-427-7316;60 Superior Parkway;56;129;3
355;Clair;Swann;cswann9u@google.pl;643-324-6733;810 Roth Pass;32;322;3
356;Hansiain;Wetherell;hwetherell9v@toplist.cz;760-991-8150;437 Alpine Terrace;80;31;1
357;Elisa;Cauderlie;ecauderlie9w@wordpress.org;861-665-6022;91 Village Green Drive;57;317;3
358;Carlynn;Peidro;cpeidro9x@bravesites.com;493-780-6642;713 Sage Terrace;77;271;1
359;Parrnell;Jozef;pjozef9y@netscape.com;713-826-2164;1 Hermina Point;70;91;1
360;Brade;Peron;bperon9z@amazon.de;586-474-6820;38807 Schmedeman Junction;41;397;1
361;Esra;Bitterton;ebittertona0@wp.com;898-201-0600;19923 Pleasure Alley;51;69;1
362;Tucker;Medlin;tmedlina1@nasa.gov;944-270-6518;12 Arapahoe Court;63;322;3
363;Pru;Petticrew;ppetticrewa2@adobe.com;824-503-7283;86 Transport Place;35;416;1
364;Maurise;Dulson;mdulsona3@technorati.com;510-682-0331;3689 Canary Plaza;73;586;2
365;Nisse;Leonida;nleonidaa4@free.fr;713-630-7485;586 Cody Plaza;70;544;2
366;Orelee;Shakespeare;oshakespearea5@friendfeed.com;602-131-4254;6640 Kinsman Avenue;44;397;2
367;Ynez;Houseley;yhouseleya6@sun.com;830-125-9401;585 Kingsford Drive;72;528;2
368;Jinny;Betteridge;jbetteridgea7@patch.com;325-620-2800;6567 Kennedy Pass;56;450;3
369;Giffer;Ellingham;gellinghama8@wikispaces.com;158-123-7924;37 Mesta Terrace;20;89;3
370;Sampson;Kibble;skibblea9@dell.com;328-893-8302;86 Pearson Plaza;47;129;3
371;Valery;Bercevelo;vberceveloaa@csmonitor.com;772-915-7139;56 Dennis Hill;82;373;3
372;Analiese;Bagott;abagottab@deliciousdays.com;680-108-5215;97 Fulton Alley;64;322;1
373;Tabbitha;Allridge;tallridgeac@wunderground.com;519-561-5138;37178 Arizona Parkway;38;364;3
374;Tonie;Cordeiro;tcordeiroad@harvard.edu;751-285-3844;6271 Acker Alley;68;544;3
375;Shina;Sainsbury;ssainsburyae@cpanel.net;753-200-8055;43549 Blaine Plaza;70;397;1
376;Luce;Jaslem;ljaslemaf@cargocollective.com;621-414-6049;756 Straubel Road;79;58;1
377;Burg;Buttress;bbuttressag@rakuten.co.jp;431-821-2419;38054 Bunker Hill Trail;30;361;1
378;Sharla;Ithell;sithellah@dot.gov;773-834-4578;5 Warbler Parkway;18;322;1
379;Marybelle;Kilfeather;mkilfeatherai@biglobe.ne.jp;188-967-8182;0187 Meadow Valley Plaza;78;261;2
380;Micah;Heckney;mheckneyaj@boston.com;133-494-7830;34861 Karstens Trail;43;62;3
381;Peri;Morot;pmorotak@mail.ru;763-206-5242;4 Dexter Trail;72;22;1
382;Lyndell;Lawee;llaweeal@meetup.com;859-101-5777;14609 Oak Court;38;352;1
383;Quentin;Layland;qlaylandam@state.tx.us;533-247-8124;4871 Vermont Trail;22;559;3
384;Natalee;Butte;nbuttean@youku.com;147-147-5972;2 Del Sol Drive;66;522;1
385;Marcille;Hammell;mhammellao@nba.com;908-317-2366;4 Clarendon Way;18;120;3
386;Whitby;Alty;waltyap@163.com;257-623-3873;568 Derek Lane;57;397;2
387;Niven;Camelin;ncamelinaq@mediafire.com;461-585-6894;35 Crescent Oaks Circle;46;271;2
388;Lori;Blaschke;lblaschkear@nba.com;111-776-1978;0 Washington Pass;73;368;1
389;Homerus;Mateos;hmateosas@vk.com;131-812-1802;30 Columbus Court;75;450;3
390;Ruggiero;Westcarr;rwestcarrat@ca.gov;785-347-4955;96470 Swallow Street;63;263;2
391;Lonee;Redington;lredingtonau@altervista.org;293-627-2102;3163 Evergreen Road;59;544;3
392;Clemence;Aslen;caslenav@marketwatch.com;901-484-3605;64 Starling Pass;41;450;1
393;Tull;Sherme;tshermeaw@dell.com;794-486-4468;28 Welch Alley;32;322;1
394;Fernando;Rhoades;frhoadesax@cnet.com;114-120-4678;769 Springview Parkway;37;154;1
395;Maryl;Schankel;mschankelay@mediafire.com;861-483-2584;0 Barnett Hill;46;435;1
396;Juline;Grewes;jgrewesaz@indiegogo.com;972-430-2018;69 Roth Trail;37;415;2
397;Estrella;Noot;enootb0@360.cn;200-145-3895;6 Garrison Court;63;454;1
398;Yancy;Bartoszinski;ybartoszinskib1@tamu.edu;539-216-3077;9 Cordelia Place;68;509;3
399;Mal;Beckinsale;mbeckinsaleb2@weebly.com;401-924-5715;3 Dayton Avenue;37;63;1
400;Sigmund;Spinello;sspinellob3@samsung.com;893-905-9703;13 Karstens Place;39;91;3
401;Muffin;Hannam;mhannamb4@nymag.com;548-916-7366;6 Valley Edge Circle;20;246;3
402;Brigg;Shaxby;bshaxbyb5@ca.gov;251-864-7301;31 Vidon Circle;47;110;1
403;Marianne;Harsant;mharsantb6@i2i.jp;776-821-0443;91124 Dapin Trail;20;528;1
404;Lizzy;Ezzy;lezzyb7@about.com;857-756-4874;30448 Welch Lane;84;450;2
405;Herschel;Ayres;hayresb8@webmd.com;394-755-1177;8 Manley Point;40;422;1
406;Ollie;Gunther;oguntherb9@constantcontact.com;887-639-0710;3 Green Pass;56;157;3
407;Carole;McGiffin;cmcgiffinba@elpais.com;363-264-2957;11 Cherokee Trail;24;29;1
408;Lizzie;Kippling;lkipplingbb@youku.com;760-780-3796;404 Dorton Crossing;82;110;1
409;Quintina;Kelling;qkellingbc@hud.gov;600-742-1442;05095 Porter Road;84;365;1
410;Devon;Maggi;dmaggibd@t-online.de;812-681-9133;83 Saint Paul Way;82;191;1
411;Peria;Katt;pkattbe@hud.gov;274-663-0194;219 Texas Trail;30;471;2
412;Dicky;Hallick;dhallickbf@issuu.com;762-298-9450;84682 Graceland Pass;20;322;2
413;Cornelius;Billsberry;cbillsberrybg@twitpic.com;803-409-7308;5718 Gale Pass;30;559;1
414;Ian;Arniz;iarnizbh@google.co.jp;488-190-9898;5 Reindahl Hill;67;397;1
415;Zebedee;Binyon;zbinyonbi@csmonitor.com;276-340-7618;0052 Elgar Trail;42;322;1
416;Onfroi;Comerford;ocomerfordbj@nydailynews.com;585-177-0023;648 Anthes Pass;27;528;3
417;Elisha;Kempson;ekempsonbk@nymag.com;672-904-9012;298 Fuller Drive;63;559;3
418;Herrick;Saltmarsh;hsaltmarshbl@mozilla.com;333-205-5647;23112 Warbler Trail;74;339;3
419;Timmy;Duncklee;tdunckleebm@moonfruit.com;566-443-7694;814 Eggendart Junction;30;306;3
420;Bail;Concannon;bconcannonbn@nydailynews.com;326-186-1871;43765 Glendale Circle;75;365;2
421;Wit;Silvester;wsilvesterbo@imageshack.us;733-846-4563;98 Heffernan Avenue;73;53;3
422;Torr;Musgrave;tmusgravebp@jalbum.net;779-842-6240;7 Merrick Plaza;21;528;1
423;Odilia;Iscowitz;oiscowitzbq@slate.com;808-858-6044;3 Fuller Pass;24;450;1
424;Shelbi;Dougherty;sdoughertybr@exblog.jp;346-331-7335;99 Butterfield Terrace;33;517;2
425;Saxe;Labrone;slabronebs@jalbum.net;104-980-1622;98 Schiller Place;83;322;2
426;Libbey;Marian;lmarianbt@nydailynews.com;318-970-2851;3448 Huxley Terrace;79;15;2
427;Lia;Murfin;lmurfinbu@ezinearticles.com;527-845-7357;25 Farmco Street;30;59;2
428;Kahlil;Eagger;keaggerbv@google.ca;987-198-9208;9275 Meadow Ridge Road;62;397;1
429;Zandra;Fadell;zfadellbw@unesco.org;212-406-6351;4 Calypso Terrace;43;261;3
430;Anet;Nutley;anutleybx@google.es;792-447-4446;029 Center Street;75;322;2
431;Ramsey;Norcliffe;rnorcliffeby@mapquest.com;140-586-2043;091 Boyd Junction;72;65;3
432;Ephraim;Barron;ebarronbz@surveymonkey.com;930-555-7199;96 Lighthouse Bay Pass;19;397;1
433;Hakim;Couling;hcoulingc0@seesaa.net;604-156-4126;3476 John Wall Drive;62;528;2
434;Lory;Alabone;lalabonec1@disqus.com;137-763-0616;1100 Badeau Crossing;42;423;1
435;Massimiliano;Tsarovic;mtsarovicc2@creativecommons.org;143-272-2071;66 Lien Place;41;525;1
436;Hammad;Mauchlen;hmauchlenc3@seattletimes.com;608-290-7135;3138 Fallview Lane;64;105;1
437;Laryssa;McNirlan;lmcnirlanc4@bloomberg.com;265-426-8296;556 Aberg Drive;61;98;1
438;Genevieve;Spohrmann;gspohrmannc5@ox.ac.uk;296-712-2729;6647 Schlimgen Avenue;24;196;1
439;Ianthe;Maynard;imaynardc6@columbia.edu;896-865-3912;887 7th Hill;30;246;3
440;Ettie;Dahle;edahlec7@hhs.gov;741-881-6800;8 Farragut Plaza;77;543;1
441;Winifield;Langford;wlangfordc8@google.it;825-418-7027;9 Sundown Alley;85;522;2
442;Bidget;Kearns;bkearnsc9@reuters.com;471-449-2687;9 Dwight Point;76;91;3
443;Bette;Sutehall;bsutehallca@youku.com;930-596-3679;2 Clove Alley;25;505;2
444;Paloma;Packwood;ppackwoodcb@ocn.ne.jp;423-480-6378;95698 Farwell Hill;48;544;2
445;Florella;McCambridge;fmccambridgecc@chronoengine.com;699-324-0544;3319 Sherman Parkway;52;528;1
446;Bud;Giacobazzi;bgiacobazzicd@hc360.com;824-546-2877;3 Mifflin Point;37;187;2
447;Bernie;Vautier;bvautierce@sina.com.cn;375-391-9271;99 Jay Junction;73;322;2
448;Wendel;Dyton;wdytoncf@discuz.net;200-475-8193;6 Nobel Hill;26;189;2
449;Hannie;Rathmell;hrathmellcg@dailymail.co.uk;858-171-7763;847 Talmadge Avenue;39;85;1
450;Joly;O' Hogan;johoganch@360.cn;856-423-0464;08467 Service Park;66;172;1
451;Rosemarie;Pruvost;rpruvostci@harvard.edu;192-629-2362;3107 Nobel Avenue;39;572;1
452;Chandler;Mattocks;cmattockscj@xing.com;687-167-9191;0641 Rutledge Place;77;238;2
453;Beitris;Ivanyushin;bivanyushinck@phoca.cz;507-923-0406;1 Porter Court;69;619;2
454;Simeon;Pullan;spullancl@nbcnews.com;443-545-4847;05 Utah Circle;26;143;2
455;Ragnar;Paulat;rpaulatcm@nytimes.com;775-228-7934;84824 Clyde Gallagher Center;71;493;1
456;Morgen;Lux;mluxcn@cnn.com;987-568-8972;51366 Di Loreto Lane;46;91;1
457;Cathrine;Gingles;cginglesco@mozilla.org;119-730-9234;65530 Rieder Lane;43;29;1
458;Janeczka;Ferencowicz;jferencowiczcp@storify.com;652-529-7962;166 Menomonie Drive;80;502;1
459;Dodi;Rowth;drowthcq@usnews.com;510-779-1248;389 Marquette Terrace;46;151;1
460;Jordan;Dawidowsky;jdawidowskycr@jimdo.com;995-191-6060;1463 Lotheville Point;45;525;2
461;Marj;Altham;malthamcs@theatlantic.com;970-388-0138;4262 Golf Course Parkway;39;389;1
462;Bert;Mouncher;bmouncherct@tmall.com;107-571-9446;1 Tomscot Crossing;38;450;3
463;Daniella;Yurasov;dyurasovcu@deliciousdays.com;870-936-8880;1074 Drewry Lane;75;18;3
464;Mavis;Degoix;mdegoixcv@eventbrite.com;536-542-1721;5 Loomis Drive;73;322;3
465;Christoper;Gallaher;cgallahercw@google.cn;440-568-3137;900 Harbort Terrace;24;528;1
466;Lezley;Stollery;lstollerycx@ovh.net;738-585-2535;566 Lakewood Street;21;528;1
467;Shela;Rostern;srosterncy@eventbrite.com;370-362-5643;98 Fairview Avenue;27;110;2
468;Druci;Zannutti;dzannutticz@apache.org;755-163-5695;7645 Ridgeview Center;40;450;2
469;Mart;Grichukhanov;mgrichukhanovd0@privacy.gov.au;426-659-8905;64912 Glacier Hill Road;21;368;3
470;Donal;Osborn;dosbornd1@yale.edu;690-436-9796;48 Thierer Place;30;559;1
471;Patty;Swait;pswaitd2@woothemes.com;843-930-9379;942 Eagan Hill;27;528;2
472;Joaquin;Rodenburgh;jrodenburghd3@istockphoto.com;497-652-0448;71 Shasta Center;27;385;2
473;Arie;Bromell;abromelld4@imgur.com;785-604-1550;37 Vermont Point;82;292;1
474;Cari;Sabatier;csabatierd5@mayoclinic.com;302-174-0484;17166 Grim Center;48;412;1
475;Sayre;Ayrton;sayrtond6@elegantthemes.com;346-208-3442;7 Vahlen Lane;85;129;1
476;Gianina;Pladen;gpladend7@jiathis.com;996-309-8529;7571 Meadow Vale Crossing;32;528;1
477;Mendy;Lurner;mlurnerd8@foxnews.com;266-899-9603;3015 Starling Court;56;280;1
478;Christen;Salvadori;csalvadorid9@bbb.org;860-396-3285;7815 Armistice Place;35;358;1
479;Merrel;Tilburn;mtilburnda@printfriendly.com;768-561-4401;337 Maywood Place;21;551;1
480;Berkeley;Dwyer;bdwyerdb@sourceforge.net;160-625-5602;03230 Linden Place;70;438;1
481;Ingelbert;Wyson;iwysondc@usatoday.com;574-298-2449;0 Tomscot Center;56;151;2
482;Herculie;Kilcoyne;hkilcoynedd@ftc.gov;161-260-2554;54103 Blackbird Center;60;205;2
483;Lewie;Oldroyde;loldroydede@feedburner.com;705-689-5933;505 Hoffman Center;60;621;3
484;Pierette;Shillingford;pshillingforddf@cbslocal.com;804-367-5036;35 Spohn Junction;71;281;3
485;Adan;De Gowe;adegowedg@ning.com;634-629-5973;1068 Caliangt Hill;52;322;1
486;Megan;Harfleet;mharfleetdh@columbia.edu;787-888-6214;759 Hazelcrest Plaza;23;3;1
487;Ernesto;Emanuel;eemanueldi@friendfeed.com;203-426-3344;67 Beilfuss Hill;28;110;2
488;Yoko;Scarfe;yscarfedj@ft.com;487-589-7056;6490 Crowley Avenue;78;525;2
489;Maryjo;Pendreigh;mpendreighdk@seesaa.net;995-169-2499;26 Union Plaza;57;182;1
490;Jenn;Skullet;jskulletdl@usgs.gov;682-814-9185;87558 Troy Circle;55;148;2
491;Hershel;Alcott;halcottdm@aol.com;535-460-5525;3714 Ridgeway Pass;75;436;2
492;Dominick;Dwelling;ddwellingdn@symantec.com;571-918-1897;6300 Fisk Pass;50;322;1
493;Erny;Terzo;eterzodo@stanford.edu;143-392-9551;581 Marcy Way;55;177;1
494;Gannie;Aronowitz;garonowitzdp@sphinn.com;186-761-7718;07 Dixon Road;20;371;2
495;Brunhilde;Hoy;bhoydq@wikipedia.org;765-391-9264;322 Michigan Pass;53;397;1
496;Samson;Cardo;scardodr@imgur.com;711-128-2330;1284 Roth Junction;37;261;3
497;Carlie;Marchbank;cmarchbankds@apple.com;426-746-3648;75669 Helena Drive;62;397;2
498;Lotte;Dyet;ldyetdt@spiegel.de;430-339-7740;11 Donald Plaza;20;18;3
499;Harlan;Vasilkov;hvasilkovdu@addtoany.com;990-867-9935;492 Valley Edge Place;28;397;1
500;Bryant;Bradd;bbradddv@mapy.cz;369-927-0662;075 Goodland Park;85;479;3
501;Leonidas;Betun;lbetundw@google.pl;777-795-2828;415 Weeping Birch Way;42;525;2
502;Rodney;aManger;ramangerdx@ovh.net;921-467-6032;94613 Holy Cross Junction;42;450;1
503;Bird;Anneslie;bannesliedy@adobe.com;920-992-7678;065 Toban Road;71;246;2
504;Ivie;Denes;idenesdz@about.me;250-960-1168;82671 Tony Terrace;79;96;1
505;Rabi;Speere;rspeeree0@blogger.com;100-865-6383;79 Farwell Court;51;448;3
506;Amalia;Comolli;acomollie1@hatena.ne.jp;230-683-5624;49318 Commercial Court;68;148;2
507;Rana;Francie;rfranciee2@blogger.com;797-637-4430;559 Erie Court;37;528;1
508;Orelia;Levi;olevie3@miibeian.gov.cn;191-417-9152;9 Reinke Avenue;56;513;3
509;Ellene;Howle;ehowlee4@ibm.com;147-324-7434;83 Clemons Trail;79;450;1
510;Tristam;Bending;tbendinge5@php.net;381-177-5463;32531 Superior Parkway;63;583;3
511;Rawley;Hadye;rhadyee6@imgur.com;682-365-9507;6146 Crest Line Circle;39;401;1
512;Waylon;Gostridge;wgostridgee7@csmonitor.com;331-350-5512;430 Corben Park;71;65;2
513;Rosabel;Wyper;rwypere8@symantec.com;116-987-7547;04125 Darwin Lane;42;356;1
514;Gunter;Orthmann;gorthmanne9@wikipedia.org;214-424-1045;16 Delladonna Junction;40;29;1
515;Tonya;Claffey;tclaffeyea@ameblo.jp;605-791-6568;6549 Westport Drive;69;544;2
516;Walker;Bodiam;wbodiameb@homestead.com;805-990-8416;28 Clove Circle;62;565;3
517;Inessa;De la Yglesias;idelayglesiasec@nature.com;461-525-2046;405 Almo Point;71;397;2
518;Shel;Dmytryk;sdmytryked@soundcloud.com;973-840-8992;998 Oakridge Terrace;50;312;2
519;Stuart;Kuhnert;skuhnertee@ibm.com;998-512-0895;4 Manufacturers Avenue;43;397;3
520;Lesley;Koles;lkolesef@deviantart.com;694-137-4298;0504 Upham Court;85;543;1
521;Blaine;Stourton;bstourtoneg@cnn.com;706-938-3052;70 Lunder Hill;35;296;1
522;Kingsly;Cambell;kcambelleh@icio.us;792-238-3398;3 Hoepker Street;22;258;1
523;Jinny;Windous;jwindousei@cornell.edu;280-178-0401;66 Warner Plaza;29;254;3
524;Johannes;Strawbridge;jstrawbridgeej@soup.io;292-545-9331;84739 Swallow Crossing;82;397;1
525;Quinn;Penswick;qpenswickek@state.tx.us;484-289-8623;925 Havey Hill;51;101;2
526;Cris;Woodcraft;cwoodcraftel@discovery.com;151-330-1511;94120 Rockefeller Crossing;83;336;2
527;Aube;Northcliffe;anorthcliffeem@vk.com;463-545-9892;143 Rowland Way;70;528;3
528;Selestina;Jopling;sjoplingen@usa.gov;903-207-1546;66 Warbler Point;53;129;3
529;Darius;Behagg;dbehaggeo@elpais.com;579-184-7219;93 Pine View Drive;68;129;3
530;Gibb;Backshell;gbackshellep@eepurl.com;622-222-5238;9 Debra Center;49;300;1
531;Jermaine;Ropars;jroparseq@geocities.jp;997-873-2551;79741 Kingsford Park;19;129;1
532;Sonny;Pabst;spabster@mediafire.com;659-137-2577;49 John Wall Parkway;77;607;2
533;Vinita;Benning;vbenninges@tinypic.com;145-430-1606;2 Coolidge Drive;25;528;3
534;Franzen;Dufer;fduferet@businesswire.com;536-752-0507;3 Buell Avenue;72;544;2
535;Phedra;Kilban;pkilbaneu@odnoklassniki.ru;727-484-4710;95 Burning Wood Circle;27;4;1
536;Vinny;Loudon;vloudonev@naver.com;504-302-5847;19949 Tony Lane;73;544;2
537;Tricia;Cordner;tcordnerew@issuu.com;575-911-5978;8 Nelson Junction;20;322;1
538;Janice;Quiddinton;jquiddintonex@virginia.edu;435-120-0452;759 Delladonna Drive;29;598;2
539;Ruprecht;Ryhorovich;rryhorovichey@quantcast.com;704-585-3052;68569 Mitchell Park;78;166;2
540;Karin;Tennewell;ktennewellez@uol.com.br;918-875-8272;03 Judy Alley;25;89;3
541;Nicola;Bydaway;nbydawayf0@google.cn;397-484-4389;6 Dakota Lane;24;373;3
542;Linus;Kikke;lkikkef1@ucsd.edu;894-603-2779;56028 Menomonie Circle;27;450;1
543;Christoforo;Cartmale;ccartmalef2@ebay.co.uk;704-726-8032;6437 Express Alley;74;261;1
544;Paton;Rockliffe;prockliffef3@kickstarter.com;466-994-7505;76 Old Shore Place;53;283;2
545;Gabriele;Willows;gwillowsf4@pagesperso-orange.fr;273-127-4531;0330 Scofield Crossing;36;397;1
546;Stesha;Evangelinos;sevangelinosf5@sogou.com;594-878-9221;71392 Eastlawn Junction;24;261;1
547;Al;Cotesford;acotesfordf6@eventbrite.com;423-318-7385;61214 Sutherland Pass;56;397;3
548;Sutherlan;Rennick;srennickf7@163.com;168-629-0076;87 Nova Way;49;599;2
549;Poul;Shanklin;pshanklinf8@nsw.gov.au;341-363-5477;5 Elmside Court;59;322;1
550;King;Durtnal;kdurtnalf9@instagram.com;929-427-8731;179 Crownhardt Trail;60;544;2
551;Ephrayim;Cossam;ecossamfa@nyu.edu;868-769-0554;19 Lyons Terrace;55;472;2
552;Northrop;Cordeux;ncordeuxfb@sina.com.cn;859-785-9394;2319 Derek Pass;70;212;3
553;Elonore;Rutland;erutlandfc@china.com.cn;334-254-7284;646 Ryan Crossing;21;322;2
554;Tarah;Wooller;twoollerfd@ocn.ne.jp;690-885-8095;8974 Oak Terrace;67;610;1
555;Jerad;Asquez;jasquezfe@npr.org;358-750-3862;0 Shopko Road;78;295;3
556;Vilma;Donnison;vdonnisonff@xing.com;298-203-6748;65 Morrow Alley;23;397;1
557;Paola;Clemmett;pclemmettfg@geocities.jp;884-808-6191;5 Rusk Drive;64;328;3
558;Celinka;Cordero;ccorderofh@ebay.co.uk;695-251-9236;93 Eagan Pass;30;258;2
559;Michelle;Klimschak;mklimschakfi@list-manage.com;441-774-0373;947 Lakewood Gardens Street;72;581;1
560;Serge;Linny;slinnyfj@tuttocitta.it;592-293-1460;591 Pine View Court;42;261;1
561;Earle;Gamble;egamblefk@infoseek.co.jp;961-561-6728;32215 Nelson Place;59;96;1
562;Stevena;Janak;sjanakfl@diigo.com;935-505-5463;96287 Linden Circle;80;397;1
563;Naoma;Skaife d'Ingerthorpe;nskaifedingerthorpefm@guardian.co.uk;330-532-6495;3 Butternut Place;80;333;1
564;Keane;Chance;kchancefn@ocn.ne.jp;865-262-6523;83 Annamark Parkway;70;497;1
565;Charlotte;Roakes;croakesfo@naver.com;171-858-1048;4 Pierstorff Circle;50;544;1
566;Karina;Bauman;kbaumanfp@spiegel.de;538-218-8678;1 Briar Crest Hill;76;129;1
567;Heida;Mazzei;hmazzeifq@unicef.org;974-135-4584;61 Crescent Oaks Road;33;492;1
568;Burl;Froome;bfroomefr@google.com.br;132-740-6693;348 Novick Way;48;129;2
569;Oralia;Foulsham;ofoulshamfs@amazon.co.jp;988-676-9286;808 Cascade Alley;21;29;3
570;Guenna;O'Drought;godroughtft@clickbank.net;122-452-2335;67405 Graedel Avenue;75;110;1
571;Riannon;Dyhouse;rdyhousefu@wix.com;404-353-3200;3349 Grim Park;47;450;2
572;Rolph;Hoodlass;rhoodlassfv@baidu.com;490-848-2955;13903 Del Sol Hill;22;397;1
573;Carling;Petracco;cpetraccofw@indiatimes.com;532-274-4452;935 Springs Way;85;257;1
574;Jozef;Eldredge;jeldredgefx@friendfeed.com;754-321-0002;87 Anzinger Center;52;29;2
575;Brooks;Thorouggood;bthorouggoodfy@cbc.ca;680-529-5546;3702 Sutteridge Road;74;91;1
576;Oren;Devon;odevonfz@youtube.com;845-767-6280;5792 Corry Center;57;129;3
577;Rustie;Warmington;rwarmingtong0@hubpages.com;628-459-1514;3 Del Mar Place;20;163;1
578;Marney;Halle;mhalleg1@skyrock.com;361-780-0888;0446 Linden Hill;64;404;2
579;Horatius;Wilmott;hwilmottg2@chronoengine.com;531-527-4943;50767 Saint Paul Hill;84;197;3
580;Odelle;Noakes;onoakesg3@vinaora.com;613-301-0340;28905 Paget Center;68;158;1
581;Laverne;Mainland;lmainlandg4@mapy.cz;559-891-3958;58533 Vahlen Center;31;322;2
582;Arman;Turmall;aturmallg5@nasa.gov;749-128-3431;51 Forest Dale Drive;18;528;3
583;Gustavo;Saiens;gsaiensg6@geocities.com;599-672-1842;25160 Logan Hill;45;322;2
584;Betteanne;Cromblehome;bcromblehomeg7@w3.org;469-151-0943;091 Schlimgen Drive;58;397;2
585;Grant;Sellwood;gsellwoodg8@bravesites.com;122-781-8262;6 Wayridge Park;56;287;1
586;Dell;Hadenton;dhadentong9@bbc.co.uk;344-839-1529;18 Swallow Crossing;41;520;1
587;Alfy;Wheatman;awheatmanga@examiner.com;936-830-9644;3 Hoffman Park;73;528;3
588;Dane;Shutt;dshuttgb@aol.com;636-882-0012;6215 Myrtle Pass;50;384;2
589;Cynthia;Gallihawk;cgallihawkgc@reference.com;843-654-2821;2876 Fulton Park;40;450;2
590;Alair;Krzyzowski;akrzyzowskigd@netlog.com;112-788-8076;01858 Gale Lane;54;615;2
591;Damiano;Charity;dcharityge@arizona.edu;795-818-6900;03 West Place;77;415;3
592;Tuckie;Screech;tscreechgf@msu.edu;940-845-4288;81 Kingsford Crossing;28;493;2
593;Neall;Coltherd;ncoltherdgg@tamu.edu;635-549-6463;560 Anzinger Circle;50;450;1
594;Eugenio;Marrows;emarrowsgh@1688.com;889-521-4013;8 Dryden Trail;45;91;3
595;Arvin;Pfaff;apfaffgi@issuu.com;286-700-7708;8703 Sage Parkway;24;258;1
596;Clayborn;Creavan;ccreavangj@dmoz.org;174-199-2148;8736 Twin Pines Alley;19;552;3
597;Manny;Rikel;mrikelgk@ocn.ne.jp;214-546-3954;323 Ryan Park;45;91;3
598;Pamelina;Chaplain;pchaplaingl@plala.or.jp;600-435-0831;571 Burrows Pass;39;528;2
599;Sheila;Roofe;sroofegm@fema.gov;966-394-7594;3667 Chinook Place;58;322;2
600;Fraze;Dows;fdowsgn@merriam-webster.com;196-118-1676;13484 Blue Bill Park Drive;32;538;3
601;Erich;Hodjetts;ehodjettsgo@sohu.com;205-635-6638;6 Tennessee Pass;83;488;1
602;Abbot;Andrejevic;aandrejevicgp@qq.com;638-384-8961;80 3rd Plaza;35;85;3
603;Jo ann;Simons;jsimonsgq@ycombinator.com;860-929-8450;54 Little Fleur Junction;80;426;3
604;Clerc;Stitson;cstitsongr@abc.net.au;904-494-5079;9 Swallow Drive;81;334;1
605;Hector;Saipy;hsaipygs@japanpost.jp;610-645-5555;69 Dayton Point;50;246;1
606;Lewie;Lemme;llemmegt@hc360.com;596-733-1915;004 Lotheville Pass;38;174;1
607;Witty;Shinn;wshinngu@china.com.cn;493-882-1962;900 Chive Center;84;204;1
608;Arvie;Eberlein;aeberleingv@netvibes.com;290-656-0725;317 Esch Point;41;148;1
609;Kirsti;Sweetman;ksweetmangw@wisc.edu;954-334-8551;0 Fuller Park;58;322;2
610;Noll;Moncreif;nmoncreifgx@webeden.co.uk;505-923-0204;576 New Castle Park;39;47;1
611;Carleen;Corkitt;ccorkittgy@theglobeandmail.com;670-522-8266;12075 7th Junction;52;91;3
612;Evangelina;Whiff;ewhiffgz@chron.com;585-460-6247;20347 Anhalt Trail;69;389;1
613;Verla;Jedrzejewicz;vjedrzejewiczh0@weebly.com;138-580-7426;66788 Eliot Point;32;589;2
614;Lionello;Kleinpeltz;lkleinpeltzh1@goo.gl;639-637-1176;2048 Kinsman Junction;85;528;1
615;Vivyanne;Clewley;vclewleyh2@netscape.com;653-905-1322;20692 Northwestern Lane;62;328;2
616;Packston;Lancley;plancleyh3@mapy.cz;730-827-1294;977 Dawn Court;49;514;3
617;Amabel;Abley;aableyh4@usgs.gov;955-422-5328;8 Dwight Parkway;30;492;1
618;Vivian;Ponton;vpontonh5@mac.com;294-966-4828;54 Rutledge Pass;85;397;1
619;Donaugh;Norcross;dnorcrossh6@census.gov;707-674-9073;804 Little Fleur Hill;65;450;2
620;Marcia;Adshad;madshadh7@cnn.com;293-667-0353;304 Vahlen Lane;42;528;3
621;Ray;Gullivan;rgullivanh8@yahoo.co.jp;415-287-2228;124 Eggendart Junction;79;450;1
622;Jonah;Cutchie;jcutchieh9@hostgator.com;202-202-3154;9353 2nd Point;70;151;1
623;Rozina;Bulward;rbulwardha@elegantthemes.com;228-146-4160;6 Heath Street;32;26;2
624;Dov;Jago;djagohb@youku.com;809-652-2070;182 Park Meadow Terrace;56;246;2
625;Floria;Henrych;fhenrychhc@engadget.com;123-520-6050;18 Autumn Leaf Pass;77;99;3
626;Lynette;Routhorn;lrouthornhd@toplist.cz;925-707-4448;794 Logan Circle;64;271;2
627;Agretha;Kopman;akopmanhe@about.com;912-891-9431;2364 Pine View Junction;42;544;3
628;Pennie;Boncore;pboncorehf@cornell.edu;558-545-8238;99 Annamark Point;64;513;2
629;Shermie;Piggens;spiggenshg@upenn.edu;837-738-2582;8 La Follette Hill;40;129;2
630;Elwira;Mogridge;emogridgehh@dell.com;904-595-1344;43 Havey Parkway;34;91;2
631;Arleta;Cornhill;acornhillhi@php.net;514-966-4181;1678 Evergreen Center;35;421;1
632;Nara;Pacheco;npachecohj@taobao.com;757-382-4492;76 Colorado Lane;33;493;1
633;Webster;Braidwood;wbraidwoodhk@reuters.com;897-260-6851;581 Katie Terrace;27;469;2
634;Marthena;Heaford;mheafordhl@youku.com;326-289-5016;9947 Meadow Vale Park;51;331;1
635;Zorana;Richmont;zrichmonthm@mashable.com;382-443-6738;314 Sunnyside Alley;27;356;1
636;Krysta;Janek;kjanekhn@ebay.co.uk;207-537-0425;5870 Monument Circle;20;569;2
637;Wilbert;Union;wunionho@cocolog-nifty.com;746-103-6541;65834 Calypso Court;84;110;1
638;Ned;Skrzynski;nskrzynskihp@irs.gov;628-331-9873;52593 Nancy Trail;80;232;1
639;Rene;Sprason;rsprasonhq@upenn.edu;461-862-4446;52102 Cascade Terrace;36;251;2
640;Cinnamon;Mosdell;cmosdellhr@businesswire.com;489-484-9717;9334 Northfield Point;46;376;2
641;Brenden;McBoyle;bmcboylehs@technorati.com;117-783-6528;184 Maryland Drive;83;129;2
642;Bree;Corkill;bcorkillht@chronoengine.com;323-989-9128;0206 Center Parkway;53;410;2
643;Paige;Butt;pbutthu@netvibes.com;980-954-3113;954 Springs Trail;75;515;2
644;Rudyard;Shewon;rshewonhv@indiegogo.com;424-346-8679;5420 Claremont Avenue;70;373;1
645;Guntar;Harroway;gharrowayhw@oaic.gov.au;811-275-3242;7 American Junction;80;621;3
646;Trey;Bramah;tbramahhx@wikispaces.com;686-989-3709;6078 5th Center;48;468;1
647;Meggie;Abel;mabelhy@sitemeter.com;387-586-7830;35561 Dorton Junction;74;136;3
648;Lonna;Mottini;lmottinihz@typepad.com;239-749-5069;17 Jana Plaza;46;585;1
649;Gunter;Duligall;gduligalli0@yandex.ru;394-742-2448;54005 Eagan Court;75;397;2
650;Tamar;Porritt;tporritti1@gravatar.com;472-856-3212;5 Forster Park;23;383;3
651;Mandy;Gull;mgulli2@linkedin.com;957-421-4262;255 Porter Avenue;80;352;2
652;Adelaide;Beechcraft;abeechcrafti3@jugem.jp;540-737-8461;06443 Carpenter Drive;85;202;1
653;Hashim;Utterson;huttersoni4@opensource.org;244-917-7564;69726 Melrose Junction;50;322;1
654;Theodosia;Bertelet;tberteleti5@google.com.hk;634-357-6883;283 Morning Place;83;91;1
655;Stephani;Beecroft;sbeecrofti6@unicef.org;300-888-4980;30 Sugar Pass;82;397;2
656;Fanchette;Klasing;fklasingi7@odnoklassniki.ru;471-599-6651;37 Fordem Parkway;21;270;1
657;Cosme;Wastell;cwastelli8@webeden.co.uk;374-573-4269;5 Pankratz Trail;18;69;3
658;Theadora;Hallums;thallumsi9@opera.com;238-779-1123;81 Dapin Crossing;50;322;2
659;Audrey;McGilvra;amcgilvraia@cyberchimps.com;802-128-7133;10 Heath Plaza;24;76;3
660;Jeffy;Wyeld;jwyeldib@clickbank.net;791-124-7871;1699 Golf Way;56;246;1
661;Meggie;Bienvenu;mbienvenuic@unc.edu;296-539-1398;191 Welch Road;31;31;2
662;Allis;Wetheril;awetherilid@fc2.com;871-944-4980;92179 Brentwood Point;47;387;2
663;Northrup;Fardy;nfardyie@arstechnica.com;857-680-2503;281 Eagle Crest Parkway;73;110;3
664;Nikaniki;Munehay;nmunehayif@wikispaces.com;413-461-9433;74 Ilene Point;40;528;3
665;Lizette;Tildesley;ltildesleyig@dot.gov;719-586-3332;3 Blue Bill Park Junction;26;177;3
666;Fulvia;Andreucci;fandreucciih@google.ru;612-742-8717;7722 Milwaukee Pass;65;397;1
667;Westley;Messent;wmessentii@unesco.org;108-352-7756;737 La Follette Park;49;458;1
668;Raddy;Skrine;rskrineij@prweb.com;344-141-9608;5894 Forest Run Trail;79;455;2
669;Alick;Stewart;astewartik@omniture.com;781-747-4008;0 Mallard Lane;31;412;2
670;Eddi;Halleday;ehalledayil@tinypic.com;895-312-4227;27671 Haas Drive;69;450;2
671;Graig;Slayton;gslaytonim@slideshare.net;313-868-3319;9 Algoma Pass;78;253;3
672;Clarie;Ciraldo;cciraldoin@addtoany.com;871-325-7429;40 Utah Way;23;114;2
673;Valery;Thirst;vthirstio@huffingtonpost.com;817-383-6579;70 Oriole Terrace;49;397;3
674;Hailee;Klaas;hklaasip@arstechnica.com;176-349-7254;23 Florence Place;44;394;3
675;Rodrick;Iston;ristoniq@alibaba.com;875-650-2515;744 Trailsway Hill;68;603;1
676;Masha;Ducket;mducketir@timesonline.co.uk;364-571-3543;8 Dawn Lane;69;261;3
677;Eadmund;Spurdon;espurdonis@uol.com.br;262-468-2666;77 Manley Trail;68;397;1
678;Stanton;Nicklen;snicklenit@loc.gov;178-558-7123;76 Acker Court;48;114;1
679;Persis;Walby;pwalbyiu@icq.com;120-580-8315;922 Lakewood Gardens Junction;58;346;1
680;Lauryn;Westmore;lwestmoreiv@huffingtonpost.com;798-810-3222;5 Petterle Circle;75;210;2
681;Damon;Hugnin;dhugniniw@gnu.org;898-260-7934;78770 Muir Drive;42;18;3
682;Jess;Shatford;jshatfordix@rediff.com;250-420-5823;78326 Swallow Way;74;564;2
683;Marya;Quainton;mquaintoniy@cdbaby.com;489-760-5811;49338 Sutherland Trail;20;528;3
684;Eli;Leades;eleadesiz@google.es;393-214-6348;6 Sunnyside Park;34;258;1
685;Zora;Culter;zculterj0@globo.com;307-682-5684;9461 Cottonwood Terrace;26;246;1
686;Roslyn;Brower;rbrowerj1@google.de;607-218-6857;22479 Center Avenue;49;495;3
687;Jeanna;Catherick;jcatherickj2@youtube.com;506-285-1135;2519 Oakridge Trail;53;373;1
688;Maurise;Johnys;mjohnysj3@discovery.com;364-825-9855;4 Waywood Pass;71;188;1
689;Ricoriki;Grayshan;rgrayshanj4@xinhuanet.com;310-970-7333;6 Main Road;83;148;1
690;Ethel;Hardwicke;ehardwickej5@webs.com;884-524-2922;584 Red Cloud Pass;56;151;1
691;Sebastian;Lillicrop;slillicropj6@163.com;875-984-4253;96 Vera Avenue;72;544;3
692;Barbi;Menco;bmencoj7@skype.com;582-339-9121;555 Evergreen Hill;40;18;2
693;Ahmad;Elion;aelionj8@vistaprint.com;488-837-4359;643 Jay Terrace;38;322;2
694;Forest;Kyle;fkylej9@miitbeian.gov.cn;796-710-6946;59 West Drive;77;328;1
695;Griz;Badrock;gbadrockja@woothemes.com;928-832-9077;20546 Steensland Court;40;29;3
696;Valentine;Windibank;vwindibankjb@facebook.com;631-113-1126;06425 Springs Lane;56;565;3
697;Ethelin;Fairpool;efairpooljc@seesaa.net;703-809-7756;74409 Granby Circle;25;397;3
698;Dallon;Faley;dfaleyjd@people.com.cn;290-498-5894;99559 Charing Cross Parkway;47;396;3
699;Natala;Buntine;nbuntineje@bloglines.com;341-375-1909;4 Amoth Trail;45;246;2
700;Dahlia;Tommasuzzi;dtommasuzzijf@sbwire.com;777-196-3547;13 Merchant Pass;49;328;3
701;Jackie;Scannell;jscannelljg@slate.com;263-447-0220;761 Sycamore Place;52;437;1
702;Jayne;Garwell;jgarwelljh@ucla.edu;474-750-5272;853 Reindahl Center;42;397;1
703;Shawn;Greenhalf;sgreenhalfji@freewebs.com;785-941-0626;283 Acker Hill;63;322;2
704;Nanni;Cunnow;ncunnowjj@ca.gov;937-985-3058;42 Vermont Pass;68;367;2
705;Katya;Arderne;kardernejk@qq.com;775-199-6282;4236 2nd Junction;51;544;1
706;Meridith;Milberry;mmilberryjl@jugem.jp;407-772-7499;8594 Pierstorff Hill;23;397;1
707;Monte;Cheavin;mcheavinjm@hostgator.com;465-266-8975;794 Graedel Parkway;63;450;2
708;Parker;Allston;pallstonjn@imdb.com;401-779-6373;64060 Weeping Birch Center;54;258;2
709;Andria;Gribbins;agribbinsjo@facebook.com;718-222-4819;76 Bluejay Lane;33;532;3
710;Clive;Gentreau;cgentreaujp@cnbc.com;246-608-7231;302 Hayes Crossing;20;258;2
711;Serena;Garaghan;sgaraghanjq@hubpages.com;827-478-1919;54 Pleasure Hill;36;110;1
712;Elnora;Huxham;ehuxhamjr@naver.com;911-613-5562;3 Johnson Place;46;236;1
713;Bonita;Valois;bvaloisjs@umn.edu;444-479-2489;08301 Katie Circle;24;246;2
714;Jemimah;Morfey;jmorfeyjt@va.gov;301-469-7601;5827 Farmco Parkway;37;621;1
715;Astra;Doick;adoickju@plala.or.jp;994-896-9124;23523 Commercial Terrace;61;397;1
716;Randene;Dyshart;rdyshartjv@wikispaces.com;935-703-0368;353 Meadow Vale Point;70;397;3
717;Ofilia;Yosselevitch;oyosselevitchjw@telegraph.co.uk;637-592-8021;12 Manufacturers Alley;44;139;3
718;Licha;Greenrde;lgreenrdejx@redcross.org;592-553-5252;066 Ruskin Parkway;48;471;3
719;Charlena;Crosser;ccrosserjy@unicef.org;505-156-0176;902 2nd Court;30;246;3
720;Ephrem;Yellowlee;eyellowleejz@technorati.com;711-178-2341;379 Shasta Way;26;246;3
721;Brnaby;Allon;ballonk0@desdev.cn;104-656-6071;6 Basil Lane;58;91;2
722;Joaquin;Windous;jwindousk1@youku.com;792-522-9491;18462 Del Mar Junction;32;20;2
723;Craggy;Frise;cfrisek2@nytimes.com;785-667-9075;32741 Stuart Terrace;48;450;1
724;Jessika;Cuphus;jcuphusk3@archive.org;947-967-3309;0221 Emmet Trail;40;129;2
725;Benni;Tomblett;btomblettk4@t-online.de;430-343-7942;608 Katie Center;52;348;1
726;Jeanne;Tremonte;jtremontek5@nytimes.com;982-322-4314;5200 Cottonwood Pass;39;401;3
727;Torrence;Vogt;tvogtk6@opensource.org;113-774-0151;17794 Melvin Plaza;19;322;3
728;Charis;Janaszkiewicz;cjanaszkiewiczk7@godaddy.com;718-829-1746;7 Calypso Lane;45;397;3
729;Nicky;Faires;nfairesk8@boston.com;147-922-6867;5 4th Avenue;35;217;2
730;Albie;Brewett;abrewettk9@blogspot.com;800-721-0528;1696 Carberry Alley;80;137;1
731;Rainer;Tatersale;rtatersaleka@japanpost.jp;639-962-2596;1285 Crowley Parkway;75;544;2
732;Grantham;De Zamudio;gdezamudiokb@bravesites.com;176-390-0747;97 Stuart Point;28;331;1
733;Marla;Martinho;mmartinhokc@google.com;125-162-0079;67 West Street;47;528;2
734;Karlens;Clamp;kclampkd@tinyurl.com;186-359-2085;3 Brickson Park Trail;75;543;1
735;Herculie;Terrett;hterrettke@who.int;948-251-4811;05 Lake View Junction;83;454;1
736;Sanford;Geekin;sgeekinkf@addthis.com;805-544-2290;61 Lawn Street;42;586;1
737;Jeddy;Cornthwaite;jcornthwaitekg@geocities.com;591-799-7671;69366 Sachs Pass;76;322;1
738;Huntley;Acutt;hacuttkh@slideshare.net;885-806-5532;574 Packers Drive;30;454;1
739;Wernher;Ruzek;wruzekki@aol.com;383-816-5978;6234 Shasta Terrace;66;322;1
740;Tallie;Croker;tcrokerkj@delicious.com;851-646-0059;72 Nevada Drive;26;450;1
741;Jared;Farnfield;jfarnfieldkk@who.int;350-107-7374;7 Lighthouse Bay Place;42;450;3
742;Patrizio;Burman;pburmankl@meetup.com;610-338-3155;5 Buena Vista Pass;30;289;1
743;Dalis;Schoolfield;dschoolfieldkm@xing.com;555-255-0353;97291 Alpine Pass;64;583;3
744;Novelia;O'Farris;nofarriskn@rediff.com;801-420-3950;5482 David Alley;32;246;2
745;Ellery;Ivett;eivettko@narod.ru;746-851-6994;520 Grasskamp Junction;73;182;2
746;Terrill;Rowat;trowatkp@archive.org;621-842-0121;13603 Cody Junction;77;222;1
747;Titus;Bowerman;tbowermankq@odnoklassniki.ru;550-520-7449;3325 Maywood Court;35;246;1
748;Teri;Colegate;tcolegatekr@skype.com;466-141-2193;5 Tomscot Road;32;129;1
749;Ky;Ikin;kikinks@wix.com;902-905-9069;82778 3rd Hill;55;397;2
750;Johnna;Gillison;jgillisonkt@wired.com;361-176-1398;062 Waubesa Circle;24;322;3
751;Dannie;Jeroch;djerochku@sourceforge.net;654-992-2040;1 Carey Road;63;604;3
752;Nannie;Muddimer;nmuddimerkv@sfgate.com;217-419-4245;16 Oneill Plaza;78;525;3
753;Garold;Vanichkov;gvanichkovkw@va.gov;455-105-0117;6213 Di Loreto Alley;49;322;3
754;Alison;Kennon;akennonkx@hatena.ne.jp;257-278-0855;426 Havey Road;54;41;1
755;Ezra;Sibley;esibleyky@soundcloud.com;988-841-8305;83583 Ruskin Lane;32;246;1
756;Fredra;Gaitone;fgaitonekz@ehow.com;718-157-9074;5 Russell Street;28;397;1
757;Ema;Golda;egoldal0@barnesandnoble.com;467-582-6373;533 Loftsgordon Junction;46;397;2
758;Darci;Grierson;dgriersonl1@sfgate.com;351-726-6491;78398 East Circle;73;397;2
759;Dominik;Sparwell;dsparwelll2@nsw.gov.au;137-505-7176;9 Stephen Hill;20;544;2
760;Carolee;Algar;calgarl3@businesswire.com;564-555-8403;198 Myrtle Place;27;544;3
761;Rudolfo;Reaper;rreaperl4@hc360.com;121-856-8866;39820 Hoffman Junction;26;322;2
762;Henri;Eppson;heppsonl5@clickbank.net;235-790-4396;02662 Dahle Circle;60;29;2
763;Willette;Vibert;wvibertl6@slate.com;131-782-4315;6 Graedel Court;42;110;1
764;Doretta;Wadsworth;dwadsworthl7@usnews.com;499-565-8301;3363 Pearson Hill;64;419;1
765;Artemus;Leathe;aleathel8@people.com.cn;955-113-5234;3889 Clemons Drive;58;106;3
766;Ginger;Hudghton;ghudghtonl9@indiatimes.com;561-418-3349;0 Lerdahl Hill;82;450;2
767;Sammy;Sherel;ssherella@sohu.com;313-866-0409;935 Golf Lane;62;18;1
768;Lyle;Gillet;lgilletlb@webnode.com;897-135-2234;42 Rowland Terrace;63;397;1
769;Nickolai;Bardnam;nbardnamlc@eepurl.com;998-769-8274;4017 Forest Dale Road;27;29;2
770;Starr;Wisdom;swisdomld@narod.ru;756-219-8726;60 Blue Bill Park Trail;46;328;2
771;Marigold;Jilliss;mjillissle@github.com;242-667-9196;7686 Menomonie Alley;66;110;1
772;Smitty;Sara;ssaralf@nih.gov;788-931-7679;560 Kenwood Crossing;23;454;1
773;Carin;Roser;croserlg@vk.com;777-989-6050;744 Kipling Circle;52;210;1
774;Shelli;Gostridge;sgostridgelh@oaic.gov.au;418-483-3590;43615 Prairie Rose Parkway;33;317;1
775;Janna;Ipgrave;jipgraveli@nationalgeographic.com;217-931-3201;94 Spaight Place;42;364;1
776;Vilma;Lethcoe;vlethcoelj@nps.gov;764-195-6394;02 Stephen Parkway;19;106;1
777;Rosabelle;Agnolo;ragnololk@sciencedaily.com;260-245-5218;1 Moose Park;83;614;1
778;Augustina;Laphorn;alaphornll@mtv.com;699-304-5493;8 Northfield Parkway;83;450;2
779;Aurelea;Jevons;ajevonslm@jugem.jp;862-604-0887;05482 Moose Parkway;81;110;2
780;Consuelo;Millam;cmillamln@about.me;854-163-7979;40152 Walton Road;60;298;1
781;Nefen;Alwood;nalwoodlo@oracle.com;167-108-7950;76868 Crowley Terrace;82;110;1
782;Buddie;Pervew;bpervewlp@istockphoto.com;884-461-7938;76773 Melby Center;53;528;1
783;Steffen;Deners;sdenerslq@who.int;969-128-9534;01 Merchant Street;77;350;1
784;Elenore;Butlin;ebutlinlr@webmd.com;964-180-4628;531 Sheridan Place;36;525;3
785;Morton;Merrgen;mmerrgenls@cdc.gov;287-354-1326;980 Carberry Street;22;599;2
786;Meg;Lytle;mlytlelt@adobe.com;227-108-8080;556 Hollow Ridge Terrace;45;322;3
787;Chelsea;De Hoogh;cdehooghlu@plala.or.jp;606-856-7671;2 Sachtjen Way;74;401;3
788;Carver;Seeger;cseegerlv@flickr.com;325-573-3234;31444 Gulseth Street;35;450;1
789;Elle;Flye;eflyelw@tripod.com;581-866-7151;4 Lillian Court;44;525;1
790;Stan;Oldale;soldalelx@fastcompany.com;756-245-6326;83 Mayfield Center;27;69;2
791;Rory;Broggetti;rbroggettily@wsj.com;874-590-0929;3 Texas Center;72;528;1
792;Samuele;Keaveny;skeavenylz@github.io;899-857-4749;89713 Dwight Road;50;517;1
793;Joyous;Stairmand;jstairmandm0@tiny.cc;165-466-0920;2369 Schmedeman Park;67;528;1
